,S.No.,Name of the Insurance Company,Name of the Product,UIN,New/    Revision ,Date of approval, 
0,1,Acko General Insurance Co. Ltd. ,Acko Group Health Insurance Policy,ACKHLGP21469V022021,Revision,28.09.2020,DOWNLOAD
1,2,Acko General Insurance Co. Ltd. ,Acko Group Health OPD Wallet,ACKHLGP21470V022021,Revision,28.09.2020,DOWNLOAD
2,3,Acko General Insurance Co. Ltd. ,Secure Shield,ACKHLGP21471V022021,Revision,28.09.2020,DOWNLOAD
3,4,Acko General Insurance Co. Ltd. ,Group Health & Accident Care,ACKHLGP21472V022021,Revision,28.09.2020,DOWNLOAD
4,5,Acko General Insurance Co. Ltd. ,Group Personal Accident  Policy,ACKPAGP21527V022021,Revision,30.09.2020,DOWNLOAD
5,6,Acko General Insurance Co. Ltd. ,Group Travel Insurance Policy,ACKTGBP21525V022021,Revision,30.09.2020,DOWNLOAD
6,7,Acko General Insurance Co. Ltd. ,Group Domestic Travel Insurance Policy,ACKTGDP21526V032021,Revision,30.09.2020,DOWNLOAD
7,8,Acko General Insurance Ltd,Acko Health Insurance policy,ACKHLIP20039V012021,New ,21.05.2020,DOWNLOAD
8,9,Aditya Birla Health Insurance Co,Super Health Plus Top up ,ADIHLIP21061V022021,Revision,30.06.2020,DOWNLOAD
9,10,Aditya Birla Health Insurance Co,Active ,ADIHLIP21062V022021,Revision ,30.06.2020,DOWNLOAD
10,11,Aditya Birla Health Insurance Co. Ltd. ,Group Assure COVID-19,ADIHLGP21055V012021,Group,12.06.2020,DOWNLOAD
11,12,Aditya Birla Health Insurance Co. Ltd. ,Group Activ Helath,ADIHLGP21134V022021,Revision ,31.07.2020,DOWNLOAD
12,13,Aditya Birla Health Insurance Co. Ltd. ,"Group Arogya Sanjeevani Policy, Aditya Birla Health Insurance Co. Limited”",ADIHLGP21229V012021,group,09.09.2020,DOWNLOAD
13,14,Aditya Birla Health Insurance Co. Ltd. ,Super Health Plus Top Up,ADIHLIP21061V022021,Revision,30.06.2020,DOWNLOAD
14,15,Aditya Birla Health Insurance Co. Ltd. ,Activ Care ,ADIHLIP21062V022021,Revision ,30.06.2020,DOWNLOAD
15,16,Aditya Birla Health Insurance Co. Ltd. ,Global Health Secure ,ADIHLIP21069V022021,Revision,06.07.2020,DOWNLOAD
16,17,Aditya Birla Health Insurance Co. Ltd. ,"Corona Rakshak Policy , Aditya Birla Health Insurance Co. Limited ",ADIHLIP21136V022021,Individual ,31.07.2020,DOWNLOAD
17,18,Aditya Birla Health Insurance Co. Ltd. ,Activ Assure,ADIHLIP21250V032021 ,Revision ,15.09.2020,DOWNLOAD
18,19,Aditya Birla Health Insurance Co. Ltd. ,Activ Health,ADIHLIP21376V022021 ,Revision ,22.09.2020,DOWNLOAD
19,20,Aditya Birla Health Insurance Co. Ltd. ,Group Activ Travel,ADITGBP21377V022021 ,Revision ,22.09.2020,DOWNLOAD
20,21,Bajaj Allianz General Insurance Co Ltd ,Health Infinity,BAJHLIP21005V022021  ,Revision ,13.04.2020,DOWNLOAD
21,22,Bajaj Allianz General Insurance Co. Ltd ,Health Guard (Group),BAJHLGP21181V022021,Revision ,31.08.2020,DOWNLOAD
22,23,Bajaj Allianz General Insurance Co. Ltd ,Hospital Cash Daily Allowance,BAJHLIP21115V022021,Revision ,31.08.2020,DOWNLOAD
23,24,Bajaj Allianz General Insurance Co. Ltd ,Critical Illness ,BAJHLIP21117V022021,Revision ,23.07.2020,DOWNLOAD
24,25,Bajaj Allianz General Insurance Co. Ltd ,Health ensure,BAJHLIP21127V022021  ,Revision ,29.07.2020,DOWNLOAD
25,26,Bajaj Allianz General Insurance Co. Ltd ,Women Specific Critical Illness Plan,BAJHLIP21142V022021 ,Revision ,12.08.2020,DOWNLOAD
26,27,Bajaj Allianz General Insurance Co. Ltd ,Health Care Supreme ,BAJHLIP21143V022021 ,Revision ,12.08.2020,DOWNLOAD
27,28,Bajaj Allianz General Insurance Co. Ltd ,Extra Care ,BAJHLIP21146V022021 ,Revision ,12.08.2020,DOWNLOAD
28,29,Bajaj Allianz General Insurance Co. Ltd ,Family Health Care,BAJHLIP21182V022021,Revision ,31.08.2020,DOWNLOAD
29,30,Bajaj Allianz General Insurance Co. Ltd ,Silver Health,BAJHLIP21183V022021,Revision ,31.08.2020,DOWNLOAD
30,31,Bajaj Allianz General Insurance Co. Ltd ,Tax Gain,BAJHLIP21184V022021,Revision ,31.08.2020,DOWNLOAD
31,32,Bajaj Allianz General Insurance Co. Ltd ,Personal Accident Insurance  Policy ,BAJHLIP21218V022021,Revision ,01.09.2020,DOWNLOAD
32,33,Bajaj Allianz General Insurance Co. Ltd ,Health Guard ,BAJHLIP21227V042021,Revision ,07.09.2020,DOWNLOAD
33,34,Bharti AXA General Insurance Co. Ltd,Bharti AXA Group Health Assure Super Topup,BHAHLGP21457V022021,Revision ,26.09.2020,DOWNLOAD
34,35,Bharti AXA General Insurance Co. Ltd,Bharti AXA Group Health Assure,BHAHLGP21458V022021,Revision ,26.09.2020,DOWNLOAD
35,36,Bharti AXA General Insurance Co. Ltd,Group Health Insurance Policy,BHAHLGP21459V022021,Revision ,26.09.2020,DOWNLOAD
36,37,Bharti AXA General Insurance Co. Ltd,Group Hospital Cash,BHAHLGP21460V022021,Revision ,26.09.2020,DOWNLOAD
37,38,Bharti AXA General Insurance Co. Ltd,"Corona Rakshak Policy, Bharti AXA General Insurance Company Limited",BHAHLIP21232V012021,Individual ,08.09.2020,DOWNLOAD
38,39,Bharti AXA General Insurance Co. Ltd,Bharti AXA Smart Super Health Assure Policy,BHAHLIP21244V022021,Revision ,13.09.2020,DOWNLOAD
39,40,Bharti AXA General Insurance Co. Ltd,Bharti AXA Smart Super Top- up Policy,BHAHLIP21245V022021,Revision ,13.09.2020,DOWNLOAD
40,41,Bharti AXA General Insurance Co. Ltd,Smart Super Health Insurance Policy,BHAHLIP21246V022021,Revision ,13.09.2020,DOWNLOAD
41,42,Bharti AXA General Insurance Co. Ltd,Smart Health Insurance Policy,BHAHLIP21454V022021,Revision ,26.09.2020,DOWNLOAD
42,43,Bharti AXA General Insurance Co. Ltd,Smart Health Critical Illness Policy,BHAHLIP21455V022021,Revision ,26.09.2020,DOWNLOAD
43,44,Bharti AXA General Insurance Co. Ltd,Universal Protection Insurance Policy,BHAHLIP21456V022021,Revision ,26.09.2020,DOWNLOAD
44,45,Bharti AXA General Insurance Co. Ltd,Smart Health High Deductible Insurance Policy,BHAHLIP21468V022021,Revision ,26.09.2020,DOWNLOAD
45,46,Bharti AXA General Insurance Co. Ltd,Smart Health Essential Insurance Policy,BHAHLIP21507V022021,Revision ,29.09.2020,DOWNLOAD
46,47,Care Health Insurance Ltd.,Group Care,RHIHLGP21404V022021,Revision,23.09.2020,DOWNLOAD
47,48,Care Health Insurance Ltd.,Group Credit Protection,RHIHLGP21405V032021,Revision,23.09.2020,DOWNLOAD
48,49,Care Health Insurance Ltd.,Group Global Care,RHIHLGP21406V032021,Revision,23.09.2020,DOWNLOAD
49,50,Care Health Insurance Ltd.,Care Shield Add-on,RHIHLIA21168V012021,New,24.08.2020,DOWNLOAD
50,51,Care Health Insurance Ltd.,Covid Care ,RHIHLIP21073V012021,New ,08.07.2020,DOWNLOAD
51,52,Care Health Insurance Ltd.,Care Heart,RHIHLIP21371V022021,Revision,21.09.2020,DOWNLOAD
52,53,Care Health Insurance Ltd.,Enhance,RHIHLIP21372V022021,Revision,21.09.2020,DOWNLOAD
53,54,Care Health Insurance Ltd.,Joy,RHIHLIP21373V022021,Revision,21.09.2020,DOWNLOAD
54,55,Care Health Insurance Ltd.,Super Mediclaim,RHIHLIP21374V022021,Revision,21.09.2020,DOWNLOAD
55,56,Care Health Insurance Ltd.,Assure,RHIHLIP21375V022021,Revision,21.09.2020,DOWNLOAD
56,57,Care Health Insurance Ltd.,Domestic Staff Insurance Add-on,RHIHLIP21407V022021,Revision,23.09.2020,DOWNLOAD
57,58,Care Health Insurance Ltd.,Care Freedom,RHIHLIP21519V022021,Revision,30.09.2020,DOWNLOAD
58,59,Care Health Insurance Ltd.,Grameen Care,RHIHMGP21370V022021,Revision,21.09.2020,DOWNLOAD
59,60,Cholamandalam  MS General Insurance Company Limited,FLEXI HEALTH,CHOHLIP21007V022021,New,15.04.2020,DOWNLOAD
60,61,Cholamandalam  MS General Insurance Company Limited,Chola MS COVID-19 Cover,CHOHLIP21012V012021,New,25.04.2020,DOWNLOAD
61,62,Cholamandalam  MS General Insurance Company Limited,Chola Vector Borne Diseases Insurance (Retail),CHOHLIP21046V012021,New,11.06.2020,DOWNLOAD
62,63,Cholamandalam MS General Insurance Co. Ltd.,Flexi Plus,CHOHLGP21132V012021,Group,30.07.2020,DOWNLOAD
63,64,Cholamandalam MS General Insurance Co. Ltd.,"Corona Kavach Policy (Group), Chola",CHOHLGP21138V012021,Group,05.08.2020,DOWNLOAD
64,65,Cholamandalam MS General Insurance Co. Ltd.,CHOLA CRITICARE,CHOHLGP21289V012021,Group ,18.09.2020,DOWNLOAD
65,66,Cholamandalam MS General Insurance Co. Ltd.,Group Health Insurance,CHOHLGP21307V022021,Revision,18.09.2020,DOWNLOAD
66,67,Cholamandalam MS General Insurance Co. Ltd.,Baroda Swasthya Parivar,CHOHLGP21310V022021,Revision,18.09.2020,DOWNLOAD
67,68,Cholamandalam MS General Insurance Co. Ltd.,Flexi Health,CHOHLGP21311V022021,Revision,18.09.2020,DOWNLOAD
68,69,Cholamandalam MS General Insurance Co. Ltd.,Chola Group Super Topup Insurance,CHOHLGP21312V022021,Revision,18.09.2020,DOWNLOAD
69,70,Cholamandalam MS General Insurance Co. Ltd.,Chola Income Shield Insurance (Group),CHOHLGP21416V022021,Revision,24.09.2020,DOWNLOAD
70,71,Cholamandalam MS General Insurance Co. Ltd.,Chola Group Credit Linked Critical Illness Insurance Policy,CHOHLGP21423V022021,Revision,24.09.2020,DOWNLOAD
71,72,Cholamandalam MS General Insurance Co. Ltd.,Chola Group Credit Linked Cancer Care Insurance,CHOHLGP21425V022021,Revision,24.09.2020,DOWNLOAD
72,73,Cholamandalam MS General Insurance Co. Ltd.,Chola Credit Linked Premium Critical Illness Insurance Policy,CHOHLGP21426V022021,Revision,24.09.2020,DOWNLOAD
73,74,Cholamandalam MS General Insurance Co. Ltd.,Chola Group Hospital Cash Health Insurance Policy,CHOHLGP21427V022021,Revision,24.09.2020,DOWNLOAD
74,75,Cholamandalam MS General Insurance Co. Ltd.,Chola Group Critical Illness Insurance Policy,CHOHLGP21428V022021,Revision,24.09.2020,DOWNLOAD
75,76,Cholamandalam MS General Insurance Co. Ltd.,Chola Group Cancer Care Insurance Policy,CHOHLGP21429V022021,Revision,24.09.2020,DOWNLOAD
76,77,Cholamandalam MS General Insurance Co. Ltd.,Chola Credit Link Group Hospital Cash Insurance,CHOHLGP21430V022021,Revision,24.09.2020,DOWNLOAD
77,78,Cholamandalam MS General Insurance Co. Ltd.,"Corona Rakshak Policy, Chola",CHOHLIP21068V012021,individual ,06.07.2020,DOWNLOAD
78,79,Cholamandalam MS General Insurance Co. Ltd.,Chola Arogya Bima Health Insurance,CHOHLIP21297V022021,Revision,18.09.2020,DOWNLOAD
79,80,Cholamandalam MS General Insurance Co. Ltd.,Chola Classic Health  Family Floater,CHOHLIP21298V022021,Revision,18.09.2020,DOWNLOAD
80,81,Cholamandalam MS General Insurance Co. Ltd.,Chola Classic Health  Individual,CHOHLIP21299V032021,Revision,18.09.2020,DOWNLOAD
81,82,Cholamandalam MS General Insurance Co. Ltd.,Chola Healthline,CHOHLIP21300V032021,Revision,18.09.2020,DOWNLOAD
82,83,Cholamandalam MS General Insurance Co. Ltd.,Chola Hospital Cash Healthline (Revision),CHOHLIP21301V022021,Revision,18.09.2020,DOWNLOAD
83,84,Cholamandalam MS General Insurance Co. Ltd.,Chola MS Critical Healthline Insurance,CHOHLIP21302V022021,Revision,18.09.2020,DOWNLOAD
84,85,Cholamandalam MS General Insurance Co. Ltd.,Chola MS Family Healthline Insurance Policy,CHOHLIP21303V022021,Revision,18.09.2020,DOWNLOAD
85,86,Cholamandalam MS General Insurance Co. Ltd.,Chola Swasth Parivar Insurance,CHOHLIP21304V022021,Revision,18.09.2020,DOWNLOAD
86,87,Cholamandalam MS General Insurance Co. Ltd.,Chola Tax plus Healthline,CHOHLIP21305V022021,Revision,18.09.2020,DOWNLOAD
87,88,Cholamandalam MS General Insurance Co. Ltd.,Chola Top up Healthline,CHOHLIP21306V022021,Revision,18.09.2020,DOWNLOAD
88,89,Cholamandalam MS General Insurance Co. Ltd.,Individual Healthline Insurance,CHOHLIP21308V022021,Revision,18.09.2020,DOWNLOAD
89,90,Cholamandalam MS General Insurance Co. Ltd.,Chola Super Topup Insurance,CHOHLIP21309V022021,Revision,18.09.2020,DOWNLOAD
90,91,Cholamandalam MS General Insurance Co. Ltd.,Janata Personal Accident Insurance Policy,CHOPAGP21356V012021,Group ,21.09.2020,DOWNLOAD
91,92,Cholamandalam MS General Insurance Co. Ltd.,Group Personal Accident Insurance Policy,CHOPAGP21420V022021,Revision,24.09.2020,DOWNLOAD
92,93,Cholamandalam MS General Insurance Co. Ltd.,Janata Personal Accident Policy (For Group),CHOPAGP21421V022021,Revision,24.09.2020,DOWNLOAD
93,94,Cholamandalam MS General Insurance Co. Ltd.,Chola Comprehensive Group Personal Accident Policy,CHOPAGP21424V022021,Revision,24.09.2020,DOWNLOAD
94,95,Cholamandalam MS General Insurance Co. Ltd.,Chola Accident Protection,CHOPAIP21418V022021,Revision,24.09.2020,DOWNLOAD
95,96,Cholamandalam MS General Insurance Co. Ltd.,Individual Personal Accident Insurance,CHOPAIP21419V022021,Revision,24.09.2020,DOWNLOAD
96,97,Cholamandalam MS General Insurance Co. Ltd.,Micro Insurance Personal Accident,CHOPAIP21422V022021,Revision,24.09.2020,DOWNLOAD
97,98,Cholamandalam MS General Insurance Co. Ltd.,Domestic Travel Insurance Policy,CHOTIDP21417V022021,Revision,24.09.2020,DOWNLOAD
98,99,Edelweiss General Insurance Co.Ltd.,"Group Corona Kavach Policy, Edelweiss General Insurance Company Limited",EDLHLGP21160V012021,Revision,Revision,DOWNLOAD
99,100,Edelweiss General Insurance Co.Ltd.,"Group Corona Policy, Edelweiss General Insurance Company Limited",EDLHLGP21249V012021,Group ,15.09.2020,DOWNLOAD
100,101,Edelweiss General Insurance Co.Ltd.,Edelweiss Group Health Insurance Policy,EDLHLGP21462V032021,Revision,25.09.2020,DOWNLOAD
101,102,Edelweiss General Insurance Co.Ltd.,Loan Care,EDLHLGP21511V032021  ,Revision,29.09.2020,DOWNLOAD
102,103,Edelweiss General Insurance Co.Ltd.,"Corona Rakshak Policy, Edelweiss General Insurance Company Limited, ",EDLHLIP21110V012021,Individual ,10.07.2020,DOWNLOAD
103,104,Edelweiss General Insurance Co.Ltd.,Edelweiss Health Insurance,EDLHLIP21463V022021,Revision,25.09.2020,DOWNLOAD
104,105,Edelweiss General Insurance Co.Ltd.,Edelweiss Group Total Protect Policy,EDLPAGP21510V022021,Revision,29.09.2020,DOWNLOAD
105,106,Future Generali India Insurance Co.Ltd. ,Future Poorna Suraksha -Group,FGIHLGP21152V022021,Revision,18.08.2020,DOWNLOAD
106,107,Future Generali India Insurance Co.Ltd. ,Future Advantage Top -Up – Group   ,FGIHLGP21154V022021,Revision,19.08.2020,DOWNLOAD
107,108,Future Generali India Insurance Co.Ltd. ,Group Health Insurance(Small and Mid-size groups),FGIHLGP21164V022021,Revision,24.08.2020,DOWNLOAD
108,109,Future Generali India Insurance Co.Ltd. ,Group Health Insurance(Revised ),FGIHLGP21165V022021,Revision,24.08.2020,DOWNLOAD
109,110,Future Generali India Insurance Co.Ltd. ,"Corona Rakshak  Policy, Future Generali India Insurance Company Limited",FGIHLIP21075V012021,New,09.07.2020,DOWNLOAD
110,111,Future Generali India Insurance Co.Ltd. ,Future Advantage Top - up ,FGIHLIP21155V022021,Revision,19.08.2020,DOWNLOAD
111,112,Future Generali India Insurance Co.Ltd. ,Future Health Suraksha,FGIHLIP21156V022021,Revision,20.08.2020,DOWNLOAD
112,113,Future Generali India Insurance Co.Ltd. ,Future Aarogya Bima ,FGIHLIP21157V022021,Revision,20.08.2020,DOWNLOAD
113,114,Future Generali India Insurance Co.Ltd. ,Future Health Surplus ,FGIHLIP21158V022021,Revision,20.08.2020,DOWNLOAD
114,115,Future Generali India Insurance Co.Ltd. ,Future Varishta Bima,FGIHLIP21159V022021,Revision,24.08.2020,DOWNLOAD
115,116,Future Generali India Insurance Co.Ltd. ,Health Total ,FGIHLIP21163V022021,Revision,24.08.2020,DOWNLOAD
116,117,Go Digit General Insurance Ltd.,Digit Health Plus Policy (Revision),GODHLGP21487V032021,Revision,28.09.2020,DOWNLOAD
117,118,Go Digit General Insurance Ltd.,Digit Illness Group Insurance,GODHLGP21488V022021,Revision,28.09.2020,DOWNLOAD
118,119,Go Digit General Insurance Ltd.,Digit Complete Care Policy,GODHLGP21492V022021 ,Revision,28.09.2020,DOWNLOAD
119,120,Go Digit General Insurance Ltd.,Digit Health Care Plus Policy,GODHLIP21486V022021,Revision,27.09.2020,DOWNLOAD
120,121,Go Digit General Insurance Ltd.,Digit Group Total Protect Policy,GODPAGP21491V022021,Revision,28.09.2020,DOWNLOAD
121,122,Go Digit General Insurance Ltd.,Digit Total Protect Policy,GODPAIP21489V022021,Revision,28.09.2020,DOWNLOAD
122,123,HDFC ERGO General Insurance Co.Ltd.,HDFC Group Health Insurance,HDFHLGP21116V012021,Group,22.07.2020,DOWNLOAD
123,124,HDFC ERGO General Insurance Co.Ltd.,"Corona Kavach Policy, HDFC ERGO (Group)",HDFHLGP21140V012021,Group,10.07.2020,DOWNLOAD
124,125,HDFC ERGO General Insurance Co.Ltd.,Sarv Suraksha Plus (Group),HDFHLGP21252V012021,Group,15.09.2020,DOWNLOAD
125,126,HDFC ERGO General Insurance Co.Ltd.,my: health Comprehensive Suraksha - Group,HDFHLGP21295V022021,Revision,20.09.2020,DOWNLOAD
126,127,HDFC ERGO General Insurance Co.Ltd.,Mosquito Disease Protection Policy - Group,HDFHLGP21296V022021,Revision,20.09.2020,DOWNLOAD
127,128,HDFC ERGO General Insurance Co.Ltd.,Group Mediclaim Insurance,HDFHLGP21461V012021,Group,25.09.2020,DOWNLOAD
128,129,HDFC ERGO General Insurance Co.Ltd.,Home Credit Assure ,HDFHLGP21475V022021,Revision,27.09.2020,DOWNLOAD
129,130,HDFC ERGO General Insurance Co.Ltd.,my: Health Benefit Package Policy-Group,HDFHLGP21476V022021,Revision,27.09.2020,DOWNLOAD
130,131,HDFC ERGO General Insurance Co.Ltd.,my:credit Comprehensive Suraksha ,HDFHLGP21495V022021,Revision,28.09.2020,DOWNLOAD
131,132,HDFC ERGO General Insurance Co.Ltd.,my:Health Hospital Cash Benefit -Add On,HDFHLIA21271V022021,Revision,19.09.2020,DOWNLOAD
132,133,HDFC ERGO General Insurance Co.Ltd.,my: Health Critical Illness,HDFHLIA21466V022021,Revision,26.09.2020,DOWNLOAD
133,134,HDFC ERGO General Insurance Co.Ltd.,"Corona Rakshak Policy, HDFC ERGO", HDFHLIP21112V012021,Individual ,10.08.2020,DOWNLOAD
134,135,HDFC ERGO General Insurance Co.Ltd.,my: health Koti Suraksha,HDFHLIP21131V012021,Individual ,30.07.2020,DOWNLOAD
135,136,HDFC ERGO General Insurance Co.Ltd.,my:health Medisure Super Top Up Insurance,HDFHLIP21270V032021,Revision,18.09.2020,DOWNLOAD
136,137,HDFC ERGO General Insurance Co.Ltd.,Critical Illness Insurance,HDFHLIP21464V022021,Revision,25.09.2020,DOWNLOAD
137,138,HDFC ERGO General Insurance Co.Ltd.,my: health Women Suraksha,HDFHLIP21465V022021,Revision,26.09.2020,DOWNLOAD
138,139,HDFC ERGO General Insurance Co.Ltd.,Health Suraksha  Top -Up Plus,HDFHLIP21467V022021,Revision,27.09.2020,DOWNLOAD
139,140,HDFC ERGO General Insurance Co.Ltd.,my:health Suraksha,HDFHLIP21473V052021,Revision,27.09.2020,DOWNLOAD
140,141,HDFC ERGO General Insurance Co.Ltd.,my:health Critical Suraksha Plus,HDFHLIP21474V022021,Revision,27.09.2020,DOWNLOAD
141,142,HDFC ERGO General Insurance Co.Ltd.,HDFC ERGO Hospital Cash Insurance,HDFHLIP21494V022021,Revision,28.09.2020,DOWNLOAD
142,143,HDFC ERGO General Insurance Co.Ltd.,HDFC ERGO Janata Personal Accident Insurance ,HDFPAGP21496V022021,Revision,28.09.2020,DOWNLOAD
143,144,HDFC ERGO General Insurance Co.Ltd.,TravelX,HDFTGBP21269V022021,Revision,17.09.2020,DOWNLOAD
144,145,HDFC ERGO Health Insurance Limited,"Corona Kavach Policy , HDFC ERGO Health(Group)  ",HDHHGP21148 V012021,Individual ,14.08.2020,DOWNLOAD
145,146,HDFC ERGO Health Insurance Limited,Group Assurance Health Plan,HDHHLGP21343V022021,Revision ,21.09.2020,DOWNLOAD
146,147,HDFC ERGO Health Insurance Limited,"Corona Rakshak Policy, HDFC ERGO Health",HDHHLIP21109V012021,Individual ,10.07.2020,DOWNLOAD
147,148,HDFC ERGO Health Insurance Limited,Total Health Plan,HDHHLIP21317V032021,Revision ,21.09.2020,DOWNLOAD
148,149,HDFC ERGO Health Insurance Limited,Day2DayCare  ,HDHHLIP21318V022021,Revision ,21.09.2020,DOWNLOAD
149,150,HDFC ERGO Health Insurance Limited,Dengue Care   ,HDHHLIP21319V022021,Revision ,21.09.2020,DOWNLOAD
150,151,HDFC ERGO Health Insurance Limited,Health On,HDHHLIP21320V022021,Revision ,21.09.2020,DOWNLOAD
151,152,HDFC ERGO Health Insurance Limited,iCanEnhance,HDHHLIP21321V022021,Revision ,21.09.2020,DOWNLOAD
152,153,HDFC ERGO Health Insurance Limited,Optima Restore,HDHHLIP21322V062021,Revision ,21.09.2020,DOWNLOAD
153,154,HDFC ERGO Health Insurance Limited,Protector Rider,HDHHLIP21335V022021,Revision ,21.09.2020,DOWNLOAD
154,155,HDFC ERGO Health Insurance Limited,Optima Plus,HDHHLIP21336V022021,Revision ,21.09.2020,DOWNLOAD
155,156,HDFC ERGO Health Insurance Limited,Health Wallet,HDHHLIP21337V022021,Revision ,21.09.2020,DOWNLOAD
156,157,HDFC ERGO Health Insurance Limited,Maxima Insurance,HDHHLIP21338V022021,Revision ,21.09.2020,DOWNLOAD
157,158,HDFC ERGO Health Insurance Limited,Optima Cash,HDHHLIP21339V022021,Revision ,21.09.2020,DOWNLOAD
158,159,HDFC ERGO Health Insurance Limited,Optima Super,HDHHLIP21340V022021,Revision ,21.09.2020,DOWNLOAD
159,160,HDFC ERGO Health Insurance Limited,Optima Vital,HDHHLIP21341V0220241,Revision ,21.09.2020,DOWNLOAD
160,161,HDFC ERGO Health Insurance Limited,Critical Advantage Rider,HDHHLIP21342V022021,Revision ,21.09.2020,DOWNLOAD
161,162,HDFC ERGO Health Insurance Limited,Hospital Daily Cash Rider,HDHHLIP21344V022021,Revision ,21.09.2020,DOWNLOAD
162,163,HDFC ERGO Health Insurance Limited,Energy   ,HDHHLIP21345V022021,Revision ,21.09.2020,DOWNLOAD
163,164,HDFC ERGO Health Insurance Limited,Individual Personal Accident,HDHHLIP21346V022021,Revision ,21.09.2020,DOWNLOAD
164,165,HDFC ERGO Health Insurance Limited,Easy Health,HDHHLIP21378V062021,Revision ,22.09.2020,DOWNLOAD
165,166,HDFC ERGO Health Insurance Limited,Optima Senior,HDHHLIP21379V022021,Revision ,22.09.2020,DOWNLOAD
166,167,HDFC Ergo Health Insurance Ltd ,Total Health,HDHHLIP21053V022021,Revision ,11.06.2020,DOWNLOAD
167,168,ICICI LOMBARD General Insurance Co. Ltd.,"Group Corona Kavach Policy , ICICI Lombard",ICIHLGP21210V012021,Group,31.08.2020,DOWNLOAD
168,169,ICICI LOMBARD General Insurance Co. Ltd.,Group Health Insurance ,ICIHLGP21380V042021,Revision ,22.09.2020,DOWNLOAD
169,170,ICICI LOMBARD General Insurance Co. Ltd.,Group Health (Floater ) Insurance ,ICIHLGP21381V052021,Revision ,22.09.2020,DOWNLOAD
170,171,ICICI LOMBARD General Insurance Co. Ltd.,Group Takecare Insurance,ICIHLGP21382V052021,Revision ,22.09.2020,DOWNLOAD
171,172,ICICI LOMBARD General Insurance Co. Ltd.,Crtical Illness,ICIHLGP21384V032021,Revision ,22.09.2020,DOWNLOAD
172,173,ICICI LOMBARD General Insurance Co. Ltd.,COVID Shield,ICIHLGP21385V022021,Revision ,22.09.2020,DOWNLOAD
173,174,ICICI LOMBARD General Insurance Co. Ltd.,Health Care Plus Policy ,ICIHLGP21390V032021,Revision ,22.09.2020,DOWNLOAD
174,175,ICICI LOMBARD General Insurance Co. Ltd.,Group Hospi Shield,ICIHLGP21392V022021,Revision ,22.09.2020,DOWNLOAD
175,176,ICICI LOMBARD General Insurance Co. Ltd.,Group Secure Mind,ICIHLGP21397V032021,Revision ,22.09.2020,DOWNLOAD
176,177,ICICI LOMBARD General Insurance Co. Ltd.,Income Protect,ICIHLGP21399V032021,Revision ,22.09.2020,DOWNLOAD
177,178,ICICI LOMBARD General Insurance Co. Ltd.,"Corona Rakshak Policy , ICICI Lombard",ICIHLIP21124V012021,Individual ,29.07.2020,DOWNLOAD
178,179,ICICI LOMBARD General Insurance Co. Ltd.,ICICI Complete Health Insurance ,ICIHLIP21383V052021,Revision ,22.09.2020,DOWNLOAD
179,180,ICICI LOMBARD General Insurance Co. Ltd.,Family Shield,ICIHLIP21387V022021,Revision ,22.09.2020,DOWNLOAD
180,181,ICICI LOMBARD General Insurance Co. Ltd.,Hospifund Insurance,ICIHLIP21391V022021,Revision ,22.09.2020,DOWNLOAD
181,182,ICICI LOMBARD General Insurance Co. Ltd.,Secure Mind ,ICIHLIP21401V032021,Revision ,22.09.2020,DOWNLOAD
182,183,ICICI LOMBARD General Insurance Co. Ltd.,Health Booster ,ICIHLIP21516V022021,Revision ,30.09.2020,DOWNLOAD
183,184,ICICI LOMBARD General Insurance Co. Ltd.,Group Safeguard Micro Insurance  ,ICIHMGP21389V022021,Revision ,22.09.2020,DOWNLOAD
184,185,ICICI LOMBARD General Insurance Co. Ltd.,Group Personal Accident ,ICIPAGP21388V052021,Revision ,22.09.2020,DOWNLOAD
185,186,ICICI LOMBARD General Insurance Co. Ltd.,Group Safe Guard Insurance ,ICIPAGP21400V032021,Revision ,22.09.2020,DOWNLOAD
186,187,ICICI LOMBARD General Insurance Co. Ltd.,Personal Care Insurance Policy,ICIPAIP21393V032021,Revision ,22.09.2020,DOWNLOAD
187,188,ICICI LOMBARD General Insurance Co. Ltd.,Personal Protect Policy,ICIPAIP21394V032021,Revision ,22.09.2020,DOWNLOAD
188,189,ICICI LOMBARD General Insurance Co. Ltd.,Ride Safe Travel Insurance,ICITGBP21395V022021,Revision ,22.09.2020,DOWNLOAD
189,190,ICICI LOMBARD General Insurance Co. Ltd.,Voyager Travel Insurance (Group),ICITGBP21396V022021,Revision ,22.09.2020,DOWNLOAD
190,191,ICICI LOMBARD General Insurance Co. Ltd.,Domestic  Travel Insuance ,ICITIDP21386V032021,Revision ,22.09.2020,DOWNLOAD
191,192,ICICI LOMBARD General Insurance Co. Ltd.,Globetrotter- Overseas Group Travel Insurance Policy ,ICITIDP21398V042021,Revision ,22.09.2020,DOWNLOAD
192,193,IFFCO TOKIO General Insurance Co. Ltd.,Group Medishield Insurance Policy,IFFHLGP21327V022021,Revision,21.09.2020,DOWNLOAD
193,194,IFFCO TOKIO General Insurance Co. Ltd.,"Corona Rakshak Policy, IFFCO -Tokio General Insurance Company Limited",IFFHLIP21082V012021,Individual,09.07.2020,DOWNLOAD
194,195,IFFCO TOKIO General Insurance Co. Ltd.,Health Protector,IFFHLIP21323V032021,Revision,21.09.2020,DOWNLOAD
195,196,IFFCO TOKIO General Insurance Co. Ltd.,Family Health Protector,IFFHLIP21324V032021,Revision,21.09.2020,DOWNLOAD
196,197,IFFCO TOKIO General Insurance Co. Ltd.,Swasthya Kavach ( Family Health) Policy,IFFHLIP21325V032021,Revision,21.09.2020,DOWNLOAD
197,198,IFFCO TOKIO General Insurance Co. Ltd.,Swasthya Raksha Bima,IFFHLIP21326V022021,Revision,21.09.2020,DOWNLOAD
198,199,IFFCO TOKIO General Insurance Co. Ltd.,Health Protector Plus,IFFHLIP21328V022021,Revision,21.09.2020,DOWNLOAD
199,200,IFFCO TOKIO General Insurance Co. Ltd.,Individual Medishield Insurance Policy,IFFHLIP21329V032021,Revision,21.09.2020,DOWNLOAD
200,201,IFFCO TOKIO General Insurance Co. Ltd.,Critical Illness insurance Policy,IFFHLIP21353V022021,Revision,21.09.2020,DOWNLOAD
201,202,IFFCO TOKIO General Insurance Co. Ltd.,Comprehensive Accident  Hospitalisation Policy,IFFHLIP21354V032021,Revision,21.09.2020,DOWNLOAD
202,203,Kotak Mahindra General Insurance Co. Ltd.,"Corona Kavach Group Policy,Kotak Mahindra General Insurance Company Ltd",KOTHLGP21144V012021,Group ,12.08.2020,DOWNLOAD
203,204,Kotak Mahindra General Insurance Co. Ltd.,Kotak Group Smart Cash,KOTHLGP21220V022021,Revision ,03.09.2020,DOWNLOAD
204,205,Kotak Mahindra General Insurance Co. Ltd.,Kotak Group Health Care,KOTHLGP21221V022021,Revision ,03.09.2020,DOWNLOAD
205,206,Kotak Mahindra General Insurance Co. Ltd.,Kotak Group Secure Shield,KOTHLGP21352V032021,Revision ,21.09.2020,DOWNLOAD
206,207,Kotak Mahindra General Insurance Co. Ltd.,Kotak Health premier ,KOTHLIP21065V032021,Revision,03.07.2020,DOWNLOAD
207,208,Kotak Mahindra General Insurance Co. Ltd.,Kotak Health Care ,KOTHLIP21071V032021  ,Revision,08.07.2020,DOWNLOAD
208,209,Kotak Mahindra General Insurance Co. Ltd.,"Corona Rakshak Policy,Kotak Mahindra General Insurance Company Ltd",KOTHLIP21098V012021,Individual,10.07.2020,DOWNLOAD
209,210,Kotak Mahindra General Insurance Co. Ltd.,Kotak Health Super Top Up,KOTHLIP21162V032021,Revision,21.08.2020,DOWNLOAD
210,211,Kotak Mahindra General Insurance Co. Ltd.,Kotak Secure Shield,KOTHLIP21350V042021,Revision ,21.09.2020,DOWNLOAD
211,212,Kotak Mahindra General Insurance Co. Ltd.,Kotak Group Health Care – Micro Insurance, KOTHMGP21347V022021,Revision ,21.09.2020,DOWNLOAD
212,213,Kotak Mahindra General Insurance Co. Ltd., Kotak Group Smart Cash – Micro Insurance, KOTHMGP21348V022021,Revision ,21.09.2020,DOWNLOAD
213,214,Kotak Mahindra General Insurance Co. Ltd., Kotak Group Secure Shield – Micro Insurance, KOTHMGP21349V022021,Revision ,21.09.2020,DOWNLOAD
214,215,Kotak Mahindra General Insurance Co. Ltd.,Kotak Accident Care,KOTPAIP21351V032021,Revision ,21.09.2020,DOWNLOAD
215,216,Liberty General Insurance Ltd.,Liberty Complete Protect Group ,LIBHLGP21209V012021,Group,31.08.2020,DOWNLOAD
216,217,Liberty General Insurance Ltd.,Group Hospi-Cash Connect Policy,LIBHLGP21497V022021,Revision,29.09.2020,DOWNLOAD
217,218,Liberty General Insurance Ltd.,Liberty Group Health Policy,LIBHLGP21498V022021,Revision,29.09.2020,DOWNLOAD
218,219,Liberty General Insurance Ltd.,Liberty Secure Future Connect Group Policy ,LIBHLGP21499V032021,Revision,29.09.2020,DOWNLOAD
219,220,Liberty General Insurance Ltd.,"Corona Rakshak Policy, Liberty General Insurance Limited",LIBHLIP21137V012021   ,Individual ,03.08.2020,DOWNLOAD
220,221,Liberty General Insurance Ltd.,Liberty Health Connect Policy,LIBHLIP21500V032021,Revision,29.09.2020,DOWNLOAD
221,222,Liberty General Insurance Ltd.,Liberty Hospi-Cash Connect ,LIBHLIP21501V022021,Revision,29.09.2020,DOWNLOAD
222,223,Liberty General Insurance Ltd.,Health Connect Supra ,LIBHLIP21502V022021,Revision,29.09.2020,DOWNLOAD
223,224,Liberty General Insurance Ltd.,Secure Health Connect,LIBHLIP21503V022021,Revision,29.09.2020,DOWNLOAD
224,225,Liberty General Insurance Ltd.,Liberty Secure Future Connect ,LIBHLIP21504V022021,Revision,29.09.2020,DOWNLOAD
225,226,Liberty General Insurance Ltd.,HealthPrime Connect,LIBHLIP21505V022021,Revision,29.09.2020,DOWNLOAD
226,227,Liberty General Insurance Ltd.,Critical Connect,LIBHLIP21506V022021,Revision,29.09.2020,DOWNLOAD
227,228,Magma HDI General Insurance Co. Ltd.,Group Health Insurance,MAGHLGP21234V022021,Revision ,10.09.2020,DOWNLOAD
228,229,Magma HDI General Insurance Co. Ltd.,OneHealth,MAGHLIP222V032021,Revision ,04.09.2020,DOWNLOAD
229,230,Manipal Cigna Health Insurance Company Limited,ManipalCigna ProHealth Group Insurance Policy ,MCIHLGP21172V032021,New,27.08.2020,DOWNLOAD
230,231,Manipal Cigna Health Insurance Company Limited,ManipalCigna Global Health Group Policy,MCIHLGP21247V032021,Group ,14.09.2020,DOWNLOAD
231,232,Manipal Cigna Health Insurance Company Limited,ManipalCigna ProHealth Insurance,MCIHLIP415V042021 ,Revision,24.09.2020,DOWNLOAD
232,233,Manipal Cigna Health Insurance Company Limited,ManipalCigna Super Top Up,MCIHLIP21121V022021,Revision ,30.09.2020,DOWNLOAD
233,234,Manipal Cigna Health Insurance Company Limited,ManipalCigna Lifestyle Protection – Critical Care,MCIHLIP21125V022021,Revision ,29.07.2020,DOWNLOAD
234,235,Manipal Cigna Health Insurance Company Limited,ManipalCigna Critical Illness Add On Cover,MCIHLIP21128V022021,Revision ,29.07.2020,DOWNLOAD
235,236,Manipal Cigna Health Insurance Company Limited,ManipalCigna ProHealth Select,MCIHLIP21129V022021,Revision ,29.07.2020,DOWNLOAD
236,237,Manipal Cigna Health Insurance Company Limited,"Corona Rakshak Policy, ManipalCigna",MCIHLIP21139V012021,Individual ,07.08.2020,DOWNLOAD
237,238,Manipal Cigna Health Insurance Company Limited,ManipalCigna ProHealth Cash,MCIHLIP21512V032021,Revision,29.09.2020,DOWNLOAD
238,239,Manipal Cigna Health Insurance Company Limited,ManipalCigna Lifestyle Protection Group Policy,MCIPAGP21235V032021,Revision ,10.09.2020,DOWNLOAD
239,240,Manipal Cigna Health Insurance Company Limited,ManipalCigna Lifestyle Protection - Accident Care,MCIPAIP21123V022021,Revision ,29.07.2020,DOWNLOAD
240,241,Max Bupa Health Insurance Co. Ltd,"Group Corona Kavach Policy, Max Bupa Health Insurance co. Ltd",MAXHLGP21135V012021,Group,31.07.2020,DOWNLOAD
241,242,Max Bupa Health Insurance Co. Ltd,Smart Health,MAXHLGP21223V012021,Retail,04.09.2020,DOWNLOAD
242,243,Max Bupa Health Insurance Co. Ltd,Xpress Health,MAXHLGP21228V012021,Group ,07.09.2020,DOWNLOAD
243,244,Max Bupa Health Insurance Co. Ltd,GoActive,MAXHLIP21173V022021,Revision,28.08.2020,DOWNLOAD
244,245,Max Bupa Health Insurance Co. Ltd,Max Bupa Health Pulse,MAXHLIP21174V022021,Revision,28.08.2020,DOWNLOAD
245,246,Max Bupa Health Insurance Co. Ltd,Heart Beat,MAXHLIP21175V062021,Revision,28.08.2020,DOWNLOAD
246,247,Max Bupa Health Insurance Co. Ltd,Health Premia,MAXHLIP21176V022021,Revision,28.08.2020,DOWNLOAD
247,248,Max Bupa Health Insurance Co. Ltd,Max Health Plus,MAXHLIP21408V022021,Revision,23.09.2020,DOWNLOAD
248,249,Max Bupa Health Insurance Co. Ltd,Health Companion,MAXHLIP21509V042021,Revision,29.09.2020,DOWNLOAD
249,250,Max Bupa Health InsuranceCo.Ltd,ReAssure,MAXHLIO21060V012021,Revision,26.06.2020,DOWNLOAD
250,251,National Insurance Co. Ltd,National Mediclaim Policy,NICHLIP21049V032021,Revision ,05.06.2020,DOWNLOAD
251,252,National Insurance Co. Ltd.,Group Corona Kavach Policy-National,NICHLGP21141V012021,New,11.08.2020,DOWNLOAD
252,253,National Insurance Co. Ltd.,National Group Mediclaim Policy ,NICHLGP21171V042021,Group,26.08.2020,DOWNLOAD
253,254,National Insurance Co. Ltd.,National Senior Citizen Mediclaim Policy ,NICHLIP21083V022021,Revision,09.07.2020,DOWNLOAD
254,255,National Insurance Co. Ltd.,National Super Top Up Mediclaim Policy ,NICHLIP21086V022021,Revision,09.07.2020,DOWNLOAD
255,256,National Insurance Co. Ltd.,Vidyarthi  Mediclaim for Students,NICHLIP21113V032021,Revision,13.07.2020,DOWNLOAD
256,257,National Insurance Co. Ltd.,National Mediclaim Plus Policy,NICHLIP21150V022021,Revision,30.09.2020,DOWNLOAD
257,258,National Insurance Co. Ltd.,National Parivar Mediclaim Plus Policy,NICHLIP21151V022021,Revision,18.06.2020,DOWNLOAD
258,259,National Insurance Co. Ltd.,National Mediclaim Policy ,NICHLIP21166V042021,Revision,24.06.2020,DOWNLOAD
259,260,National Insurance Co. Ltd.,National Super Top Up Mediclaim Policy,NICHLIP21167V032021,Revision,24.06.2020,DOWNLOAD
260,261,National Insurance Co. Ltd.,National Parivar Mediclaim Policy,NICHLIP21219V022021,Revision,03.09.2020,DOWNLOAD
261,262,National Insurance Co. Ltd.,Universal Health Insurance Policy ,NICHLIP21528V032021,Revision,30.09.2020,DOWNLOAD
262,263,Navi General Insurance Co. Ltd.,COCOCure Super Top up,NAVHLIP20029V012021,New ,15.05.2020,DOWNLOAD
263,264,Navi General Insurance Co. Ltd.,COCO CritiCare ,NAVHLIP20037V012021,New ,20.05.2020,DOWNLOAD
264,265,Navi General Insurance Co. Ltd.,COCO HospiCash ,NAVHLIP19038V012021,New ,20.05.2020,DOWNLOAD
265,266,Navi General Insurance Limited,Group Health Insurance Policy,NAVHLGP21362V022021,Revision,21.09.2020,DOWNLOAD
266,267,Navi General Insurance Limited,Group Critical Illness Insurance Policy,NAVHLGP21363V022021,Revision,21.09.2020,DOWNLOAD
267,268,Navi General Insurance Limited,Group Hospicash Policy,NAVHLGP21366V022021,Revision,21.09.2020,DOWNLOAD
268,269,Navi General Insurance Limited,Group Seasonal Byte,NAVHLGP21367V022021,Revision,21.09.2020,DOWNLOAD
269,270,Navi General Insurance Limited,COCO Group Criti - Surgical Protect,NAVHLGP21368V022021,Revision,21.09.2020,DOWNLOAD
270,271,Navi General Insurance Limited,COCO Seasonal Byte,NAVHLIP21358V022021,Revision,21.09.2020,DOWNLOAD
271,272,Navi General Insurance Limited,COCO Hospicash - Navi General Insurance ,NAVHLIP21359V022021,Revision,21.09.2020,DOWNLOAD
272,273,Navi General Insurance Limited,COCOCure Super Top Up - NaviGeneral Insurance,NAVHLIP21360V022021,Revision,21.09.2020,DOWNLOAD
273,274,Navi General Insurance Limited,COCO CritiCare - Navi General Insurance,NAVHLIP21361V022021,Revision,21.09.2020,DOWNLOAD
274,275,Navi General Insurance Limited,COCOCure,NAVHLIP21369V022021,Revision,21.09.2020,DOWNLOAD
275,276,Navi General Insurance Limited,Group Personal Accident Insurance Policy,NAVPAGP21364V022021,Revision,21.09.2020,DOWNLOAD
276,277,Navi General Insurance Limited,COCOProtect,NAVPAIP21357V022021,Revision,21.09.2020,DOWNLOAD
277,278,Navi General Insurance Limited,Group Travel Insurance Policy,NAVTGBP21365V022021,Revision,21.09.2020,DOWNLOAD
278,279,"Navi General Insurance Limited, ","Corona Rakshak Policy, Navi General Insurance Limited, ",NAVHLIP21105V012021,Individual ,10.07.2020,DOWNLOAD
279,280,Raheja QBE General Insurance Co. Ltd.,Cancer Insurance Policy,RQBHLIP21288V032021,Revision ,18.09.2020,DOWNLOAD
280,281,Raheja QBE General Insurance Co. Ltd.,Group Personal Accident  Policy,RQBPAIP21518V032021,Revision ,30.09.2020,DOWNLOAD
281,282,Raheja QBE General Insurance Co. Ltd.,Individual Personal Accident Insurance Policy,RQBPAIP21517V032021,Revision ,30.09.2020,DOWNLOAD
282,283,Raheja QBE General Insurance Company Ltd,Health QuBE Super Top Up, RQBHLIP20009V012021,New,17.04.2020,DOWNLOAD
283,284,Reliance General Insurance Co. Ltd,Reliance Covid-19 Protection Insurance (Retail),RELHLIP21051V012021,New, 11.06.2020,DOWNLOAD
284,285,Reliance General Insurance Co. Ltd,Reliance Hospi Care Insurance,RELHLIP20027V012021,New ,14.05.2020,DOWNLOAD
285,286,Reliance General Insurance Co. Ltd,Reliance Travel Care Policy (Individual and family plan),RELTIOP20030V012021,New ,19.05.2020,DOWNLOAD
286,287,Reliance General Insurance Co.Ltd,RGI-BoI SWASTHYA BIMA,RELHLGP21515V022021,Revision,29.09.2020,DOWNLOAD
287,288,Reliance General Insurance Co.Ltd,Group Mediclaim  ,RELHLGP21523V022021,Revision,30.09.2020,DOWNLOAD
288,289,Reliance General Insurance Co.Ltd,Reliance - Yes Plus Health Insurance,RELHLGP21524V022021,Revision,30.09.2020,DOWNLOAD
289,290,Reliance General Insurance Co.Ltd,Reliance HealthGain ,RELHLIP21514V022021,Revision,29.09.2020,DOWNLOAD
290,291,Reliance General Insurance Co.Ltd,Reliance Health Infinity Insurance,RELHLIP21521V032021,Revision,30.09.2020,DOWNLOAD
291,292,Reliance General Insurance Co.Ltd,Reliance HealthWise ,RELHLIP21522V032021,Revision,30.09.2020,DOWNLOAD
292,293,Religare Health Insurance ,Care Advantage ,RHIHLIP21015V012021,New,30.04.2020,DOWNLOAD
293,294,Religare ,CARE ,RHIHLIP21017V052021,Revision,05.05.2020,DOWNLOAD
294,295,Royal Sundaram General Insurance Co ltd,COVID Secure,RSAHLIP21048V012021 ,New,03.06.2020,DOWNLOAD
295,296,Royal Sundaram General Insurance Co ltd,Royal Life Line,RSAHLIP21054V022021 ,Revision,11.06.2020,DOWNLOAD
296,297,Royal Sundaram General Insurance Co. Ltd.,Group Covid secure,RSAHLGP21250V012021,Group ,14.09.2020,DOWNLOAD
297,298,Royal Sundaram General Insurance Co. Ltd.,Group Personal Accident Policy,RSAHLGP21438V022021 ,Revision ,24.09.2020,DOWNLOAD
298,299,Royal Sundaram General Insurance Co. Ltd.,Group Health Policy,RSAHLGP21439V022021 ,Revision ,24.09.2020,DOWNLOAD
299,300,Royal Sundaram General Insurance Co. Ltd.,Rural Accident Insurance Policy,RSAHLGP21441V022021 ,Revision ,24.09.2020,DOWNLOAD
300,301,Royal Sundaram General Insurance Co. Ltd.,Rural Hospital Cash (Variance of Dr. Cash Plus),RSAHLGP21442V022021,Revision ,24.09.2020,DOWNLOAD
301,302,Royal Sundaram General Insurance Co. Ltd.,Lifeline ,RSAHLIP21402V032021 ,Revision ,22.09.2020,DOWNLOAD
302,303,Royal Sundaram General Insurance Co. Ltd.,Family Plus,RSAHLIP21403V022021 ,Revision ,22.09.2020,DOWNLOAD
303,304,Royal Sundaram General Insurance Co. Ltd.,Master Product,RSAHLIP21431V022021 ,Revision ,24.09.2020,DOWNLOAD
304,305,Royal Sundaram General Insurance Co. Ltd.,Top Up Insurance – Health XS and Super Health XS Policy,RSAHLIP21432V022021 ,Revision ,24.09.2020,DOWNLOAD
305,306,Royal Sundaram General Insurance Co. Ltd.,Mater Product -Total Health Advantage,RSAHLIP21433V022021 ,Revision ,24.09.2020,DOWNLOAD
306,307,Royal Sundaram General Insurance Co. Ltd., Master Product-Amsure Master Health Plan,RSAHLIP21434V022021 ,Revision ,24.09.2020,DOWNLOAD
307,308,Royal Sundaram General Insurance Co. Ltd.,Master Product -Total Health Plus,RSAHLIP21435V022021 ,Revision ,24.09.2020,DOWNLOAD
308,309,Royal Sundaram General Insurance Co. Ltd., Master Product -Ace Health Advantage,RSAHLIP21436V022021 ,Revision ,24.09.2020,DOWNLOAD
309,310,Royal Sundaram General Insurance Co. Ltd.,Secure All,RSAHLIP21437V032021 ,Revision ,24.09.2020,DOWNLOAD
310,311,Royal Sundaram General Insurance Co. Ltd.,Rural Accident Insurance Policy - Micro Insurance Product (Group),RSAHMGP21443V022021 ,Revision ,24.09.2020,DOWNLOAD
311,312,Royal Sundaram General Insurance Co. Ltd.,Micro Health Shield,RSAHMIP21440V022021 ,Revision ,24.09.2020,DOWNLOAD
312,313,SBI General Insurance Co. Ltd.,"Arogya Sanjeevani Policy, SBI General Insurance Company Limited- Group",SBIHLGP21111V012021,Group,11.07.2020,DOWNLOAD
313,314,SBI General Insurance Co. Ltd.,Vector Borne Disease Cover- Group,SBIHLGP21122V012021 ,Group,28.07.2020,DOWNLOAD
314,315,SBI General Insurance Co. Ltd.,Group Health Insurance Policy,SBIHLGP21330V022021,Revision,24.09.2020,DOWNLOAD
315,316,SBI General Insurance Co. Ltd.,"Corona Rakshak Policy, SBIGeneral Insurance Co. Ltd",SBIHLIP21120V012021,,,
316,Individual ,23.07.2020,DOWNLOAD,,,,
317,317,SBI General Insurance Co. Ltd.,Health Insurance Policy -Retail,SBIHLIP21331V032021,Revision,24.09.2020,DOWNLOAD
318,318,SBI General Insurance Co. Ltd.,Arogya Premier Policy,SBIHLIP21332V022021,Revision,24.09.2020,DOWNLOAD
319,319,SBI General Insurance Co. Ltd.,Arogya Top Up Policy,SBIHLIP21333V022021,Revision,21.09.2020,DOWNLOAD
320,320,SBI General Insurance Co. Ltd.,Arogya Plus  Policy,SBIHLIP21334V022021,Revision,21.09.2020,DOWNLOAD
321,321,SBI General Insurance Co. Ltd.,Kutumb Swasthya Bima,SBIPAIP20169V012021,Individual ,25.08.2020,DOWNLOAD
322,322,Shriram General Insurance Co. Ltd.,Shri Loan Protect insurance (Group),SGLHLGP21482V022021,Revision,28.09.2020,DOWNLOAD
323,323,Shriram General Insurance Co. Ltd.,Shri Loan Protect insurance ,SGLHLIP21481V022021,Revision,28.09.2020,DOWNLOAD
324,324,Shriram General Insurance Co. Ltd.,Shri Criticare Insurance,SGLHLIP21483V022021,Revision,28.09.2020,DOWNLOAD
325,325,Shriram General Insurance Co. Ltd.,Shri Group Personal Accident Insurance,SGLPAGP21478V022021,Revision,28.09.2020,DOWNLOAD
326,326,Shriram General Insurance Co. Ltd.,Shri Individual Personal Accident Insurance,SGLPAIP21477V022021,Revision,28.09.2020,DOWNLOAD
327,327,Shriram General Insurance Co. Ltd.,Shri Micro Group Personal Accident Insurance,SGLPMGP21480V022021,Revision,28.09.2020,DOWNLOAD
328,328,Shriram General Insurance Co. Ltd.,Shri Micro Individual Personal Accident Insurance,SGLPMIP21479V022021,Revision,28.09.2020,DOWNLOAD
329,329,Star Health & Allied Insurance Co.Ltd.,Star Group COVID Insurance Policy,SHAHLGP21115V012021,Group ,18.07.2020,DOWNLOAD
330,330,Star Health & Allied Insurance Co.Ltd.,"Group Arogya Sanjeevani Policy, Star Health and Allied Insurance Co. Ltd",SHAHLGP21153V012021,Group ,18.08.2020,DOWNLOAD
331,331,Star Health & Allied Insurance Co.Ltd.,Star Group Health Insurance,SHAHLGP21214V022021,Revision ,01.09.2020,DOWNLOAD
332,332,Star Health & Allied Insurance Co.Ltd.,Classic Group Health Insurance,SHAHLGP21239V022021,Revision ,13.09.2020,DOWNLOAD
333,333,Star Health & Allied Insurance Co.Ltd.,Star Net Plus,SHAHLGP21267V022021,Revision  ,17.09.2020,DOWNLOAD
334,334,Star Health & Allied Insurance Co.Ltd.,Star Group Health Insurance Policy for Bank Customers,SHAHLGP21290V022021,Revision  ,19.09.2020,DOWNLOAD
335,335,Star Health & Allied Insurance Co.Ltd.,"Corona Rakshak Policy, Star Health and Allied Insurance Co. Ltd",SHAHLIP21067V012021,Individual ,05.07.2020,DOWNLOAD
336,336,Star Health & Allied Insurance Co.Ltd.,Star True value Health Insurance Policy,SHAHLIP21177V022021,Revision,28.08.2020,DOWNLOAD
337,337,Star Health & Allied Insurance Co.Ltd.,Star Family Delite Insurance Policy,SHAHLIP21178V022021,Revision,28.08.2020,DOWNLOAD
338,338,Star Health & Allied Insurance Co.Ltd.,Star Criticare Plus Insurance Policy,SHAHLIP21179V022021,Revision,28.08.2020,DOWNLOAD
339,339,Star Health & Allied Insurance Co.Ltd.,Star Care Micro Insurance Policy,SHAHLIP21180V022021,Revision,28.08.2020,DOWNLOAD
340,340,Star Health & Allied Insurance Co.Ltd.,Super Surplus Insurance Policy,SHAHLIP21212V042021,Revision ,01.09.2020,DOWNLOAD
341,341,Star Health & Allied Insurance Co.Ltd.,Star Super Surplus (Floater) Insurance Policy,SHAHLIP21213V042021,Revision ,01.09.2020,DOWNLOAD
342,342,Star Health & Allied Insurance Co.Ltd.,Mediclassic Insurance Policy (Individual),SHAHLIP21215V052021,Revision ,01.09.2020,DOWNLOAD
343,343,Star Health & Allied Insurance Co.Ltd.,Star Cancer Care Gold (Pilot Product),SHAHLIP21216V022021,Revision ,01.09.2020,DOWNLOAD
344,344,Star Health & Allied Insurance Co.Ltd.,Young Star Insurance Policy,SHAHLIP21217V032021,Revision ,01.09.2020,DOWNLOAD
345,345,Star Health & Allied Insurance Co.Ltd.,Mediclassic Accident Care (Individual) Insurance Policy,SHAHLIP21241V052021,Revision ,13.09.2020,DOWNLOAD
346,346,Star Health & Allied Insurance Co.Ltd.,Star Special Care,SHAHLIP21243V022021,Revision ,13.09.2020,DOWNLOAD
347,347,Star Health & Allied Insurance Co.Ltd.,Star Out Patient Care Insurance Policy,SHAHLIP21261V022021,Revision,17.09.2020,DOWNLOAD
348,348,Star Health & Allied Insurance Co.Ltd.,Star Health Gain Insurance Policy,SHAHLIP21262V032021,Revision,17.09.2020,DOWNLOAD
349,349,Star Health & Allied Insurance Co.Ltd.,Star Comprehensive Insurance Policy,SHAHLIP21263V062021,Revision,17.09.2020,DOWNLOAD
350,350,Star Health & Allied Insurance Co.Ltd.,Star Cardiac Care Insurance Policy,SHAHLIP21264V042021,Revision,17.09.2020,DOWNLOAD
351,351,Star Health & Allied Insurance Co.Ltd.,Senior Citizens Red Carpet Health Insurance Policy,SHAHLIP21265V042021,Revision,17.09.2020,DOWNLOAD
352,352,Star Health & Allied Insurance Co.Ltd.,Diabetes Safe Insurance Policy,SHAHLIP21266V062021,Revision,17.09.2020,DOWNLOAD
353,353,Star Health & Allied Insurance Co.Ltd.,Star Micro Rural and Farmers Care,SHAHMIP21242V022021,Revision ,13.09.2020,DOWNLOAD
354,354,Star Health and Allied Insurance Co Ltd,Star Novel Corona Virus (n CoV)(COVID-19) Insurance Policy(Pilot Product),SHAHLIP21047V022021,Revision,03.06.2020,DOWNLOAD
355,355,Star Health and Allied Insurance Co Ltd,Family Accident Care Policy ,SHAHLIP21042V012021 ,New ,26.05.2020,DOWNLOAD
356,356,Star Health and Allied Insurance Co Ltd,Diabetes Safe Insurance Policy,SHAHLIP21022V052021 ,Revision,14.05.2020,DOWNLOAD
357,357,Star Health and Allied Insurance Co Ltd,Star Cardiac Care Insurance Policy,SHAHLIP21023V032021 ,Revision,14.05.2020,DOWNLOAD
358,358,Star Health and Allied Insurance Co Ltd,Young Star Insurance Policy,SHAHLIP21024V022021,Revision,14.05.2020,DOWNLOAD
359,359,Star Health and Allied Insurance Co Ltd,Star Comprehensive Insurance Policy,SHAHLIP21025V052021  ,Revision,14.05.2020,DOWNLOAD
360,360,Star Health and Allied Insurance Co Ltd,Mediclassic Insurance Policy (Individual),SHAHLIP21026V042021,Revision,14.05.2020,DOWNLOAD
361,361,Tata AIG General Insurance Co. Ltd.,Group Medicare,TATHLGP21248V022021,Revision,14.09.2020,DOWNLOAD
362,362,Tata AIG General Insurance Co. Ltd.,Tata AIG Group Hospital Cash,TATHLGP21291V022021,Revision  ,20.09.2020,DOWNLOAD
363,363,Tata AIG General Insurance Co. Ltd.,Tata AIG Group Critical Illness,TATHLGP21294V022021,Revision,20.09.2020,DOWNLOAD
364,364,Tata AIG General Insurance Co. Ltd.,Group Personal Accident And Business Travel Accident Policy,TATHLIP21195V022021,Group ,31.08.2020,DOWNLOAD
365,365,Tata AIG General Insurance Co. Ltd.,Tata AIG Medicare ,TATHLIP21224V022021,Revision,07.09.2020,DOWNLOAD
366,366,Tata AIG General Insurance Co. Ltd.,Tata AIG Medicare protect,TATHLIP21225V022021,Revision,07.09.2020,DOWNLOAD
367,367,Tata AIG General Insurance Co. Ltd.,Tata AIG Medicare Plus,TATHLIP21253V022021,Revision,16.09.2020,DOWNLOAD
368,368,Tata AIG General Insurance Co. Ltd.,Wellsurance Woman Policy,TATHLIP21254V022021,Revision,16.09.2020,DOWNLOAD
369,369,Tata AIG General Insurance Co. Ltd.,Wellsurance Family Policy,TATHLIP21255V022021,Revision,16.09.2020,DOWNLOAD
370,370,Tata AIG General Insurance Co. Ltd.,Wellsurance Executive  Policy,TATHLIP21256V022021,Revision,16.09.2020,DOWNLOAD
371,371,Tata AIG General Insurance Co. Ltd.,Tata AIG Medicare Premier,TATHLIP21257V022021,Revision,17.09.2020,DOWNLOAD
372,372,Tata AIG General Insurance Co. Ltd.,Mediplus,TATHLIP21258V022021,Revision,17.09.2020,DOWNLOAD
373,373,Tata AIG General Insurance Co. Ltd.,MediRaksha,TATHLIP21259V022021,Revision,17.09.2020,DOWNLOAD
374,374,Tata AIG General Insurance Co. Ltd.,MediSenior,TATHLIP21260V022021,Revision,17.09.2020,DOWNLOAD
375,375,Tata AIG General Insurance Co. Ltd.,Individual Accident and Sickness Hospital Cash policy,TATHLIP21286V022021,Revision ,18.09.2020,DOWNLOAD
376,376,Tata AIG General Insurance Co. Ltd.,Critical Illness,TATHLIP21292V022021,Revision,20.09.2020,DOWNLOAD
377,377,Tata AIG General Insurance Co. Ltd.,Home Guard Plus Policy,TATHLIP21293V022021,Revision,20.09.2020,DOWNLOAD
378,378,Tata AIG General Insurance Co. Ltd.,Group Medicare Micro Insurance Product,TATHMGP21533V022021,Revision ,01.10.2020,DOWNLOAD
379,379,Tata AIG General Insurance Co. Ltd.,Tata AIG Group Hospital Cash Micro Insurance Product,TATHMGP21535V022021,Revision ,01.10.2020,DOWNLOAD
380,380,Tata AIG General Insurance Co. Ltd.,MediRaksha Micro Insurance Product,TATHMIP21534V022021,Revision ,05.10.2020,DOWNLOAD
381,381,Tata AIG General Insurance Co. Ltd.,Group Personal Accident – Group Multi Guard,TATPAGP21197V022021,Revision ,31.08.2020,DOWNLOAD
382,382,Tata AIG General Insurance Co. Ltd.,Voluntary Group Personal Accident Policy,TATPAGP21208V022021,Revision ,31.08.2020,DOWNLOAD
383,383,Tata AIG General Insurance Co. Ltd.,Tata AIG Personal Accident and Loss of Job,TATPAGP21287V022021,Revision ,18.09.2020,DOWNLOAD
384,384,Tata AIG General Insurance Co. Ltd., Group accident Guard Policy ,TATPAGT21196V022021,Revision ,31.08.2020,DOWNLOAD
385,385,Tata AIG General Insurance Co. Ltd.,Accident Guard Plus,TATPAIP21187V022021,Revision ,31.08.2020,DOWNLOAD
386,386,Tata AIG General Insurance Co. Ltd.,Accident Guard Policy ,TATPAIP21188V022021,Revision ,31.08.2020,DOWNLOAD
387,387,Tata AIG General Insurance Co. Ltd.,Accident Shield Policy, TATPAIP21189V022021,Revision ,31.08.2020,DOWNLOAD
388,388,Tata AIG General Insurance Co. Ltd.,Auto Shield Policy ,TATPAIP21191V022021,Revision ,31.08.2020,DOWNLOAD
389,389,Tata AIG General Insurance Co. Ltd., Hospital Care Policy,TATPAIP21199V022021,Revision ,31.08.2020,DOWNLOAD
390,390,Tata AIG General Insurance Co. Ltd.,Income Guard Policy,TATPAIP21200V022021,Revision ,31.08.2020,DOWNLOAD
391,391,Tata AIG General Insurance Co. Ltd.,Injury Guard Policy,TATPAIP21201V022021,Revision ,31.08.2020,DOWNLOAD
392,392,Tata AIG General Insurance Co. Ltd., Maharaksha Personal Injury Plan Policy,TATPAIP21202V022021,Revision ,31.08.2020,DOWNLOAD
393,393,Tata AIG General Insurance Co. Ltd.,Secure Income High Policy,TATPAIP21204V022021,Revision ,31.08.2020,DOWNLOAD
394,394,Tata AIG General Insurance Co. Ltd.,Secured Future Plan  ,TATPAIP21205V022021,Revision ,31.08.2020,DOWNLOAD
395,395,Tata AIG General Insurance Co. Ltd., Group Travel Secure,TATHLIP21198V022021,Revision ,31.08.2020,DOWNLOAD
396,396,Tata AIG General Insurance Co. Ltd.,Domestic Travel Guard Policy,TATTIDP21192V022021,Revision ,31.08.2020,DOWNLOAD
397,397,Tata AIG General Insurance Co. Ltd., Domestic Travel Protection Policy,TATTIDP21193V022021,Revision ,31.08.2020,DOWNLOAD
398,398,Tata AIG General Insurance Co. Ltd., Asia Travel Guard Policy,TATTIOP21190V022021,Revision ,31.08.2020,DOWNLOAD
399,399,Tata AIG General Insurance Co. Ltd.,Overseas Travel Accident - Business Travel Guard Policy,TATTIOP21202V022021,Revision ,31.08.2020,DOWNLOAD
400,400,Tata AIG General Insurance Co. Ltd.,Student Guard - Overseas Health Insurance Plan,TATTIOP21206V022021,Revision ,31.08.2020,DOWNLOAD
401,401,Tata AIG General Insurance Co. Ltd.,Travel Guard Policy,TATTIOP21207V022021,Revision ,31.08.2020,DOWNLOAD
402,402,The New India Assurance Co. Ltd.,"Group Corona Kavach policy,The New India Assurance Co. Ltd.",NIAHLGP21186V012021,Group,31.08.2020,DOWNLOAD
403,403,The New India Assurance Co. Ltd.,Good Health Group Mediclaim Policy,  NIAHLGP21236V022021,Revision ,11.09.2020,DOWNLOAD
404,404,The New India Assurance Co. Ltd.,Cancer Medical Expenses- Group,  NIAHLGP21280V032021,Revision ,18.09.2020,DOWNLOAD
405,405,The New India Assurance Co. Ltd.,New India Flexi Floater Group Mediclaim Policy ,  NIAHLGP21281V022021,Revision ,18.09.2020,DOWNLOAD
406,406,The New India Assurance Co. Ltd.,New India Flexi Group Mediclaim Policy,  NIAHLGP21282V022021,Revision ,18.09.2020,DOWNLOAD
407,407,The New India Assurance Co. Ltd., Group Mediclaim Policy (2007),  NIAHLGP21283V022021,Revision ,18.09.2020,DOWNLOAD
408,408,The New India Assurance Co. Ltd.,Standard  Group Janata Mediclaim Policy ,  NIAHLGP21284V022021,Revision ,18.09.2020,DOWNLOAD
409,409,The New India Assurance Co. Ltd.,Group Mediclaim Policy  for workers,  NIAHLGP21285V022021,Revision ,18.09.2020,DOWNLOAD
410,410,The New India Assurance Co. Ltd.,"Corona Rakshak Policy,The New India Assurance Co. Ltd.",NIAHLIP21096V012021,Individual,10.07.2020,DOWNLOAD
411,411,The New India Assurance Co. Ltd.,New India Asha Kiran Policy,NIAHLIP21233V022021,Revision ,11.09.2020,DOWNLOAD
412,412,The New India Assurance Co. Ltd.,New India Sixty Plus Mediclaim Policy,NIAHLIP21237V022021,Revision ,11.09.2020,DOWNLOAD
413,413,The New India Assurance Co. Ltd.,Family Mediclaim 2012 Policy,NIAHLIP21238V022021,Revision ,11.09.2020,DOWNLOAD
414,414,The New India Assurance Co. Ltd.,Janata Mediclaim Policy ,  NIAHLIP21274V022021,Revision ,18.09.2020,DOWNLOAD
415,415,The New India Assurance Co. Ltd.,Family Floater Mediclaim Policy,  NIAHLIP21275V022021,Revision ,18.09.2020,DOWNLOAD
416,416,The New India Assurance Co. Ltd.,New India Top-Up Mediclaim Policy,  NIAHLIP21276V022021,Revision ,18.09.2020,DOWNLOAD
417,417,The New India Assurance Co. Ltd.,New India Mediclaim Policy,  NIAHLIP21277V042021,Revision ,18.09.2020,DOWNLOAD
418,418,The New India Assurance Co. Ltd.,New India Floater Mediclaim Policy ,  NIAHLIP21278V042021,Revision ,18.09.2020,DOWNLOAD
419,419,The New India Assurance Co. Ltd.,New India Premier Mediclaim Policy,  NIAHLIP21279V032021,Revision ,18.09.2020,DOWNLOAD
420,420,The New India Assurance Co. Ltd.,Teritiary Care Insurance-Individual,  NIAHLIP21313V022021,Revision ,21.09.2020,DOWNLOAD
421,421,The New India Assurance Co. Ltd.,Universal Health Insurance Policy (APL),  NIAHLIP21314V022022,Revision ,21.09.2020,DOWNLOAD
422,422,The New India Assurance Co. Ltd.,Senior Citizen Mediclaim Policy,  NIAHLIP21315V022023,Revision ,21.09.2020,DOWNLOAD
423,423,The New India Assurance Co. Ltd.,Jan Arogya Bima Policy,  NIAHLIP21316V022024,Revision ,21.09.2020,DOWNLOAD
424,424,The Oriental Insurance Co. Ltd.,Mediclaim Insurance Policy (Group),OICHLGP449V022021,Revision,25.09.2020,DOWNLOAD
425,425,The Oriental Insurance Co. Ltd.,OBC – Oriental Mediclaim Policy – 2017,OICHLGP451V022021,Revision,25.09.2020,DOWNLOAD
426,426,The Oriental Insurance Co. Ltd.,PNB - Oriental Royal Mediclaim - 2017,OICHLGP452V022021,Revision,25.09.2020,DOWNLOAD
427,427,The Oriental Insurance Co. Ltd.,Happy Family Floater Policy – 2015,OICHLIP445V032021,Revision,25.09.2020,DOWNLOAD
428,428,The Oriental Insurance Co. Ltd.,Mediclaim Insurance Policy (Individual),OICHLIP446V032021,Revision,25.09.2020,DOWNLOAD
429,429,The Oriental Insurance Co. Ltd.,Oriental Happy Cash – Nischint Rahein!,OICHLIP447V022021,Revision,25.09.2020,DOWNLOAD
430,430,The Oriental Insurance Co. Ltd.,Health of Privileged Elders,OICHLIP448V022021,Revision,25.09.2020,DOWNLOAD
431,431,The Oriental Insurance Co. Ltd.,Oriental Super Health Top- Up,OICHLIP453V022021,Revision,25.09.2020,DOWNLOAD
432,432,The Oriental Insurance Co. Ltd.,Universal Health Insurance Policy (Individual),OICHLIP21529V022021,Revision,30.09.2020,DOWNLOAD
433,433,The Oriental Insurance Co. Ltd.,Micro Swasthya Bima Policy (Individual),OICHLIP21530V022021,Revision,30.09.2020,DOWNLOAD
434,434,The Oriental Insurance Co. Ltd.,Micro Universal Health Insurance Policy (Individual),OICHLIP21531V022021,Revision,30.09.2020,DOWNLOAD
435,435,United India Insurance Co,Family Medicare Policy Revision , UIIHLIP20013V032021,Revision,28.04.2020,DOWNLOAD
436,436,United India Insurance Co. Ltd.,Group Health Policy,UIIHLGP21226V022021,Revision,07.09.2020,DOWNLOAD
437,437,United India Insurance Co. Ltd.,Uni Group Health Insurance Policy,UIIHLGP21251V022021,Revision ,15.09.2020,DOWNLOAD
438,438,United India Insurance Co. Ltd.,Maha Bank Swasthya Yojana (Group Health Insurance Scheme),UIIHLGP21414V022021,Revision,25.09.2020,DOWNLOAD
439,439,United India Insurance Co. Ltd.,Arogya Raksha (Group Health Insurance Scheme),UIIHLGP21444V022021,Revision,25.09.2020,DOWNLOAD
440,440,United India Insurance Co. Ltd.,TMB UNI Family Medicare Policy (Group Health Insurance Scheme),UIIHLGP21484V022021,Revision,28.09.2020,DOWNLOAD
441,441,United India Insurance Co. Ltd.,TMB UNI Mahila Health Insurance,UIIHLGP21485V032021,Revision,28.09.2020,DOWNLOAD
442,442,United India Insurance Co. Ltd.,TMB Happy Family Health Insurance,UIIHLGP21493V032021,Revision,29.09.2020,DOWNLOAD
443,443,United India Insurance Co. Ltd.,Individual Health Insurance Policy -Platinum / Gold / Senior Citizen,UIIHLIP21114V032021,Individual ,24.07.2020,DOWNLOAD
444,444,United India Insurance Co. Ltd.,Super top up medicare Policy,UIIHLIP21230V022021,Revision,09.09.2020,DOWNLOAD
445,445,Universal Sompo General Insurance Co. Ltd,Indian Bank Health care plus,UNIHLIP21044V022021,Revision,29.05.2020,DOWNLOAD
446,446,Universal Sompo General Insurance Co. Ltd.,COVID-19 Group Health Policy,UNIHLGP21057V012021,Group,24.06.2020,DOWNLOAD
447,447,Universal Sompo General Insurance Co. Ltd.,Group Health Insurance Policy ,UNIHLGP21355V022021,Group,21.09.2020,DOWNLOAD
448,448,Universal Sompo General Insurance Co. Ltd.,"Corona Rakshak Policy, Universal Sompo General Insurance Company",UNIHLIP21104V012021,Individual ,10.07.2020,DOWNLOAD
449,449,Universal Sompo General Insurance Co. Ltd.,Complete Healthcare Insurance,UNIHLIP21409V022021,Revision ,23.09.2020,DOWNLOAD
450,450,Universal Sompo General Insurance Co. Ltd.,Indian Bank Health Care Plus,UNIHLIP21410V032021,Revision ,23.09.2020,DOWNLOAD
451,451,Universal Sompo General Insurance Co. Ltd.,IOB Health Care Plus Policy,UNIHLIP21411V032021,Revision ,23.09.2020,DOWNLOAD
452,452,Universal Sompo General Insurance Co. Ltd.,Senior Citizen Health Insurance ,UNIHLIP21412V022021,Revision ,23.09.2020,DOWNLOAD
453,453,Universal Sompo General Insurance Co. Ltd.,Super Healthcare Insurance,UNIHLIP21413V022021,Revision ,23.09.2020,DOWNLOAD
454,454,Universal Sompo General Insurance Co. Ltd.,K Bank Health Care Plus,UNIHLIP21508V022021,Revision ,29.09.2020,DOWNLOAD
455,455,Universal Sompo General Insurance Co. Ltd.,Travel Insurance Policy,UNITIOP21251V032021,Revision ,14.09.2020,DOWNLOAD
